{
    "loss": 1.2299331426620483,
    "accuracy": 0.8534482717514038
}